{
	"opts": {
		"destination": "docs/js",
		"package": "package.json",
		"pedantic": true,
		"readme": "README.md",
		"recurse": true,
		"template": "node_modules/jsdoc-wmf-theme"
	},
	"source": {
		"include": [ "resources" ]
	},
	"templates": {
		"cleverLinks": true,
		"default": {
			"useLongnameInNav": true
		},
		"wmf": {
			"linkMap": {
				"Document": "https://developer.mozilla.org/docs/Web/API/Document",
				"HTMLElement": "https://developer.mozilla.org/docs/Web/API/HTMLElement",
				"HTMLInputElement": "https://developer.mozilla.org/docs/Web/API/HTMLInputElement",
				"Window": "https://developer.mozilla.org/docs/Web/API/Window",

				"CheckboxHack": "https://doc.wikimedia.org/mediawiki-core/master/js",

				"MW": "https://doc.wikimedia.org/mediawiki-core/master/js/#!/api/mw",
				"JQueryStatic": "https://api.jquery.com",

				"void": "#"
			}
		}
	}
}
